{
  "hash": "d0c536fb",
  "configHash": "a7fd0dcc",
  "lockfileHash": "51494ae1",
  "browserHash": "f7cfe879",
  "optimized": {
    "@angular/common": {
      "src": "../../../../../../node_modules/@angular/common/fesm2022/common.mjs",
      "file": "@angular_common.js",
      "fileHash": "1120c389",
      "needsInterop": false
    },
    "@angular/common/http": {
      "src": "../../../../../../node_modules/@angular/common/fesm2022/http.mjs",
      "file": "@angular_common_http.js",
      "fileHash": "bb6cb822",
      "needsInterop": false
    },
    "@angular/core": {
      "src": "../../../../../../node_modules/@angular/core/fesm2022/core.mjs",
      "file": "@angular_core.js",
      "fileHash": "fd802c3a",
      "needsInterop": false
    },
    "@angular/forms": {
      "src": "../../../../../../node_modules/@angular/forms/fesm2022/forms.mjs",
      "file": "@angular_forms.js",
      "fileHash": "19fb7b24",
      "needsInterop": false
    },
    "@angular/material/badge": {
      "src": "../../../../../../node_modules/@angular/material/fesm2022/badge.mjs",
      "file": "@angular_material_badge.js",
      "fileHash": "7ee2c9e4",
      "needsInterop": false
    },
    "@angular/material/button": {
      "src": "../../../../../../node_modules/@angular/material/fesm2022/button.mjs",
      "file": "@angular_material_button.js",
      "fileHash": "e3684022",
      "needsInterop": false
    },
    "@angular/material/card": {
      "src": "../../../../../../node_modules/@angular/material/fesm2022/card.mjs",
      "file": "@angular_material_card.js",
      "fileHash": "bb8e8496",
      "needsInterop": false
    },
    "@angular/material/dialog": {
      "src": "../../../../../../node_modules/@angular/material/fesm2022/dialog.mjs",
      "file": "@angular_material_dialog.js",
      "fileHash": "76129142",
      "needsInterop": false
    },
    "@angular/material/divider": {
      "src": "../../../../../../node_modules/@angular/material/fesm2022/divider.mjs",
      "file": "@angular_material_divider.js",
      "fileHash": "15f441a9",
      "needsInterop": false
    },
    "@angular/material/icon": {
      "src": "../../../../../../node_modules/@angular/material/fesm2022/icon.mjs",
      "file": "@angular_material_icon.js",
      "fileHash": "5ed94aea",
      "needsInterop": false
    },
    "@angular/material/list": {
      "src": "../../../../../../node_modules/@angular/material/fesm2022/list.mjs",
      "file": "@angular_material_list.js",
      "fileHash": "611079cf",
      "needsInterop": false
    },
    "@angular/platform-browser": {
      "src": "../../../../../../node_modules/@angular/platform-browser/fesm2022/platform-browser.mjs",
      "file": "@angular_platform-browser.js",
      "fileHash": "85108f16",
      "needsInterop": false
    },
    "@angular/router": {
      "src": "../../../../../../node_modules/@angular/router/fesm2022/router.mjs",
      "file": "@angular_router.js",
      "fileHash": "740415a6",
      "needsInterop": false
    },
    "zone.js": {
      "src": "../../../../../../node_modules/zone.js/fesm2015/zone.js",
      "file": "zone__js.js",
      "fileHash": "b5d816b8",
      "needsInterop": true
    },
    "@angular/material/menu": {
      "src": "../../../../../../node_modules/@angular/material/fesm2022/menu.mjs",
      "file": "@angular_material_menu.js",
      "fileHash": "f296194b",
      "needsInterop": false
    },
    "@angular/material/paginator": {
      "src": "../../../../../../node_modules/@angular/material/fesm2022/paginator.mjs",
      "file": "@angular_material_paginator.js",
      "fileHash": "621b4ea1",
      "needsInterop": false
    },
    "@angular/material/form-field": {
      "src": "../../../../../../node_modules/@angular/material/fesm2022/form-field.mjs",
      "file": "@angular_material_form-field.js",
      "fileHash": "ea5caac5",
      "needsInterop": false
    },
    "@angular/material/input": {
      "src": "../../../../../../node_modules/@angular/material/fesm2022/input.mjs",
      "file": "@angular_material_input.js",
      "fileHash": "a06285d6",
      "needsInterop": false
    },
    "rxjs": {
      "src": "../../../../../../node_modules/rxjs/dist/esm5/index.js",
      "file": "rxjs.js",
      "fileHash": "e495c96a",
      "needsInterop": false
    },
    "@angular/material/snack-bar": {
      "src": "../../../../../../node_modules/@angular/material/fesm2022/snack-bar.mjs",
      "file": "@angular_material_snack-bar.js",
      "fileHash": "d07fb89b",
      "needsInterop": false
    },
    "@angular/material/progress-bar": {
      "src": "../../../../../../node_modules/@angular/material/fesm2022/progress-bar.mjs",
      "file": "@angular_material_progress-bar.js",
      "fileHash": "05afd80d",
      "needsInterop": false
    },
    "nanoid": {
      "src": "../../../../../../node_modules/nanoid/index.browser.js",
      "file": "nanoid.js",
      "fileHash": "f370322a",
      "needsInterop": false
    }
  },
  "chunks": {
    "chunk-Z3ACIIQM": {
      "file": "chunk-Z3ACIIQM.js"
    },
    "chunk-RBY7GTZY": {
      "file": "chunk-RBY7GTZY.js"
    },
    "chunk-RZVVTTIH": {
      "file": "chunk-RZVVTTIH.js"
    },
    "chunk-CXQAZMYB": {
      "file": "chunk-CXQAZMYB.js"
    },
    "chunk-7MQJORVO": {
      "file": "chunk-7MQJORVO.js"
    },
    "chunk-CTCFMYJN": {
      "file": "chunk-CTCFMYJN.js"
    },
    "chunk-E73CX3RP": {
      "file": "chunk-E73CX3RP.js"
    },
    "chunk-7JZ2MSJ4": {
      "file": "chunk-7JZ2MSJ4.js"
    },
    "chunk-H63WUBHD": {
      "file": "chunk-H63WUBHD.js"
    },
    "chunk-R7AT72G2": {
      "file": "chunk-R7AT72G2.js"
    },
    "chunk-QZ5MSMCQ": {
      "file": "chunk-QZ5MSMCQ.js"
    },
    "chunk-WRFVYQGJ": {
      "file": "chunk-WRFVYQGJ.js"
    },
    "chunk-UIIZJNJ6": {
      "file": "chunk-UIIZJNJ6.js"
    },
    "chunk-RGD2AOC5": {
      "file": "chunk-RGD2AOC5.js"
    },
    "chunk-PCZZ7FQS": {
      "file": "chunk-PCZZ7FQS.js"
    },
    "chunk-T5CW57YL": {
      "file": "chunk-T5CW57YL.js"
    },
    "chunk-BHM4ONBH": {
      "file": "chunk-BHM4ONBH.js"
    },
    "chunk-MNDS4BZZ": {
      "file": "chunk-MNDS4BZZ.js"
    },
    "chunk-KOABHM7R": {
      "file": "chunk-KOABHM7R.js"
    },
    "chunk-4IFB7JBB": {
      "file": "chunk-4IFB7JBB.js"
    },
    "chunk-TJFVSI2U": {
      "file": "chunk-TJFVSI2U.js"
    }
  }
}